StudentNo,100136499
System,relfbk
QueryNo,Rank,URL
1,1,portal.uea.ac.uk/finance/payroll/pensions/contacts
1,2,portal.uea.ac.uk/en/finance/payroll/pensions/contacts
1,3,portal.uea.ac.uk/information-services/strategy-planning-and-compliance/regulations-and-policies/information-regulations-and-policies/freedom-of-information/foi-eir-contacts
1,4,portal.uea.ac.uk/en/information-services/strategy-planning-and-compliance/regulations-and-policies/information-regulations-and-policies/freedom-of-information/foi-eir-contacts
1,5,portal.uea.ac.uk/is/online-wiki-helpdesk/-/wiki/Main/Add+a+contacts+page
1,6,portal.uea.ac.uk/web/hub/is/online-wiki-helpdesk/-/wiki/Main/Add+a+contacts+page
1,7,portal.uea.ac.uk/partnerships-office/uea-international-forum-2017/contact-information
1,8,portal.uea.ac.uk/rin/research-integrity/research-integrity-primary-contacts
1,9,portal.uea.ac.uk/en/rin/research-integrity/research-integrity-primary-contacts
1,10,portal.uea.ac.uk/staffassociation/contact-us
1,11,portal.uea.ac.uk/en/staffassociation/contact-us
1,12,portal.uea.ac.uk/student-support-service/wellbeing/contact-us
1,13,portal.uea.ac.uk/dos/wellbeing/contact-us
1,14,portal.uea.ac.uk/en/student-support-service/wellbeing/contact-us
1,15,portal.uea.ac.uk/itservices/help/blackboard/contacts-page
1,16,portal.uea.ac.uk/itservices/help/contact-it-services
1,17,portal.uea.ac.uk/itservices/support
1,18,portal.uea.ac.uk/web/about/sustainability/who-are-we/contact
1,19,portal.uea.ac.uk/information-services/strategy-planning-and-compliance/regulations-and-policies/information-regulations-and-policies/freedom-of-information/contact
1,20,portal.uea.ac.uk/en/information-services/strategy-planning-and-compliance/regulations-and-policies/information-regulations-and-policies/freedom-of-information/contact
1,21,portal.uea.ac.uk/web/about/contact-us
1,22,portal.uea.ac.uk/planningoffice/sro/contact-details
1,23,portal.uea.ac.uk/en/planningoffice/sro/contact-details
1,24,portal.uea.ac.uk/catering/contact-us
1,25,portal.uea.ac.uk/en/catering/contact-us
1,26,portal.uea.ac.uk/equality/contact-us1
1,27,portal.uea.ac.uk/en/equality/contact-us1
1,28,portal.uea.ac.uk/en/uea-retirement-association/contact-us
1,29,portal.uea.ac.uk/uea-retirement-association/contact-us
1,30,portal.uea.ac.uk/web/hub/staffassociation/members-discounts/discount-list/contact-lenses
1,31,portal.uea.ac.uk/staffassociation/members-discounts/discount-list/contact-lenses
1,32,portal.uea.ac.uk/rs-connect/contact-us
1,33,portal.uea.ac.uk/en/rs-connect/contact-us
1,34,portal.uea.ac.uk/equality/networks/uea-staff-pride/about-staff-pride-and-making-contact
1,35,portal.uea.ac.uk/en/equality/networks/uea-staff-pride/about-staff-pride-and-making-contact
1,36,portal.uea.ac.uk/en/finance/auto-enrolment/faqs
1,37,portal.uea.ac.uk/finance/auto-enrolment/faqs
1,38,portal.uea.ac.uk/finance/payroll/pensions
1,39,portal.uea.ac.uk/en/finance/payroll/pensions
1,40,portal.uea.ac.uk/en/multifaith/contact-us
1,41,portal.uea.ac.uk/brand-guidelines/contacts-and-feedback
1,42,portal.uea.ac.uk/multifaith/contact-us
1,43,portal.uea.ac.uk/information-services/strategy-planning-and-compliance/contact-us
1,44,portal.uea.ac.uk/en/information-services/strategy-planning-and-compliance/contact-us
1,45,portal.uea.ac.uk/en/finance/student-finance/contacts
1,46,portal.uea.ac.uk/finance/student-finance/contacts
1,47,portal.uea.ac.uk/student-support-service/international-students/contact-us
1,48,portal.uea.ac.uk/dos/international-students/contact-us
1,49,portal.uea.ac.uk/en/student-support-service/international-students/contact-us
1,50,portal.uea.ac.uk/en/graduationoffice/contact-us
1,51,portal.uea.ac.uk/graduationoffice/contact-us
1,52,portal.uea.ac.uk/uss/intranet/safety-subjects/radiation/contact-urpo
1,53,portal.uea.ac.uk/learning-technology/studio-technology/access-grid/booking-location-and-contact
1,54,portal.uea.ac.uk/arm/operations-team-intranet/ucas/contact
1,55,portal.uea.ac.uk/en/arm/operations-team-intranet/ucas/contact
1,56,portal.uea.ac.uk/uss/intranet/safetyroles/contacts
1,57,portal.uea.ac.uk/en/uss/intranet/safetyroles/contacts
1,58,portal.uea.ac.uk/faculty-school-intranets/sci-intranet/school-specific/env/emails
1,59,portal.uea.ac.uk/en/faculty-school-intranets/sci-intranet/school-specific/env/emails
1,60,portal.uea.ac.uk/en/finance/payroll
1,61,portal.uea.ac.uk/finance/payroll
1,62,portal.uea.ac.uk/en/nursery/contact-us
1,63,portal.uea.ac.uk/nursery/contact-us
1,64,portal.uea.ac.uk/en/finance/auto-enrolment
1,65,portal.uea.ac.uk/finance/auto-enrolment
1,66,portal.uea.ac.uk/library/contact-us
1,67,portal.uea.ac.uk/ren/contact-us
1,68,portal.uea.ac.uk/rin/contact-us
1,69,portal.uea.ac.uk/en/rin/contact-us
1,70,portal.uea.ac.uk/csed/contact-us
1,71,portal.uea.ac.uk/en/csed/contact-us
1,72,portal.uea.ac.uk/rin/consultancy/contact-us
1,73,portal.uea.ac.uk/ren/consultancy/contact-us
1,74,portal.uea.ac.uk/en/rin/consultancy/contact-us
1,75,portal.uea.ac.uk/student-support-service/contact-us
1,76,portal.uea.ac.uk/dos/contact-us
1,77,portal.uea.ac.uk/en/student-support-service/contact-us
1,78,portal.uea.ac.uk/en/uss/intranet/safety-subjects/radiation/contact-urpo
1,79,portal.uea.ac.uk/en/postgraduate-research/who-does-what
1,80,portal.uea.ac.uk/postgraduate-research/who-does-what
1,81,portal.uea.ac.uk/en/accommodation/contact-us
1,82,portal.uea.ac.uk/accommodation/contact-us
1,83,portal.uea.ac.uk/finance/payroll/pensions/nhs
1,84,portal.uea.ac.uk/en/finance/payroll/pensions/nhs
1,85,portal.uea.ac.uk/en/finance/payroll/pensions/pensions-uss
1,86,portal.uea.ac.uk/finance/payroll/pensions/pensions-uss
1,87,portal.uea.ac.uk/en/finance/payroll/pensions/ueasss
1,88,portal.uea.ac.uk/finance/payroll/pensions/ueasss
1,89,portal.uea.ac.uk/en/finance/contacts
1,90,portal.uea.ac.uk/finance/contacts
1,91,portal.uea.ac.uk/en/accommodation/summer/application-form
1,92,portal.uea.ac.uk/accommodation/summer/application-form
1,93,portal.uea.ac.uk/information-services/contacts
1,94,portal.uea.ac.uk/web/hub/information-services/contacts
1,95,portal.uea.ac.uk/en/information-services/contacts
1,96,portal.uea.ac.uk/en/postgraduate-research/who-does-what/academic-pgr-contact-details
1,97,portal.uea.ac.uk/postgraduate-research/who-does-what/academic-pgr-contact-details
1,98,portal.uea.ac.uk/planningoffice/sro/partner-colleges
1,99,portal.uea.ac.uk/en/planningoffice/sro/partner-colleges
1,100,portal.uea.ac.uk/library/subject-guides/business-management-and-accountancy/thomson-reuters-database-support
2,1,portal.uea.ac.uk/library/access
2,2,portal.uea.ac.uk/web/hub/library/borrowing/sconul-access
2,3,portal.uea.ac.uk/library/borrowing/sconul-access
2,4,portal.uea.ac.uk/ren/open-access-and-research-data/what-is-oa
2,5,portal.uea.ac.uk/rin/open-access-and-research-data/what-is-oa
2,6,portal.uea.ac.uk/en/rin/open-access-and-research-data/what-is-oa
2,7,portal.uea.ac.uk/itservices/corporate-systems/administrative/reporting/cubes/cube_access_event
2,8,portal.uea.ac.uk/web/hub/library/access/visitors/e-resources
2,9,portal.uea.ac.uk/library/access/visitors/e-resources
2,10,portal.uea.ac.uk/library/access/sconul
2,11,portal.uea.ac.uk/web/hub/library/access/sconul
2,12,portal.uea.ac.uk/library/other-collections
2,13,portal.uea.ac.uk/web/hub/library/other-collections
2,14,portal.uea.ac.uk/library/news/-/asset_publisher/PFyiDU0daRt0/blog/christmas-in-the-library
2,15,portal.uea.ac.uk/library/cd-music-library
2,16,portal.uea.ac.uk/web/hub/library/cd-music-library
2,17,portal.uea.ac.uk/estates/access-and-security/staff-access
2,18,portal.uea.ac.uk/en/estates/access-and-security/staff-access
2,19,portal.uea.ac.uk/library/disabilities/finding-and-borrowing-library-materials
2,20,portal.uea.ac.uk/information-services/strategy-planning-and-compliance/regulations-and-policies/library-regulations-and-policies
2,21,portal.uea.ac.uk/en/information-services/strategy-planning-and-compliance/regulations-and-policies/library-regulations-and-policies
2,22,portal.uea.ac.uk/en/library
2,23,portal.uea.ac.uk/library
2,24,portal.uea.ac.uk/library/
2,25,portal.uea.ac.uk/library/helpdesk
2,26,portal.uea.ac.uk/web/hub/library/helpdesk
2,27,portal.uea.ac.uk/itservices/corporate-systems/teaching-and-learning/library-management-system
2,28,portal.uea.ac.uk/itservices/corporate-systems/administrative/access-control
2,29,portal.uea.ac.uk/csed/resources/library-links
2,30,portal.uea.ac.uk/rin/open-access-and-research-data
2,31,portal.uea.ac.uk/ren/open-access-and-research-data
2,32,portal.uea.ac.uk/library/research-support/open-access
2,33,portal.uea.ac.uk/en/rin/open-access-and-research-data
2,34,portal.uea.ac.uk/web/hub/library/health-sciences-kl
2,35,portal.uea.ac.uk/library/health-sciences-kl
2,36,portal.uea.ac.uk/library/research-reserve
2,37,portal.uea.ac.uk/Library/research-reserve
2,38,portal.uea.ac.uk/is/online-wiki-helpdesk/-/wiki/Main/Allow+Guests+to+Access+your+Module+on+Blackboard
2,39,portal.uea.ac.uk/web/hub/is/online-wiki-helpdesk/-/wiki/Main/Allow+Guests+to+Access+your+Module+on+Blackboard
2,40,portal.uea.ac.uk/en/ren/find-funding/eu-funding/industrial-leadership/risk-finance
2,41,portal.uea.ac.uk/equality/networks/access-all-areas
2,42,portal.uea.ac.uk/en/equality/networks/access-all-areas
2,43,portal.uea.ac.uk/library/key-performance-indicators
2,44,portal.uea.ac.uk/en/library/key-performance-indicators
2,45,portal.uea.ac.uk/is/online-wiki-helpdesk/-/wiki/Main/Library+helpsheets
2,46,portal.uea.ac.uk/en/postgraduate-research/pgr-regulations-and-forms/electronic-thesis-submission-and-access
2,47,portal.uea.ac.uk/postgraduate-research/pgr-regulations-and-forms/electronic-thesis-submission-and-access
2,48,portal.uea.ac.uk/library/borrowing/other-libraries
2,49,portal.uea.ac.uk/library/interlending/digital
2,50,portal.uea.ac.uk/web/hub/library/access/visitors
2,51,portal.uea.ac.uk/library/access/visitors
2,52,portal.uea.ac.uk/equality/aspects-of-equality/web-accessibility
2,53,portal.uea.ac.uk/en/equality/aspects-of-equality/web-accessibility
2,54,portal.uea.ac.uk/learning-technology/help/browzine/web-browser
2,55,portal.uea.ac.uk/rin/open-access-and-research-data/what-is-open-access-/benefits-for-uk
2,56,portal.uea.ac.uk/en/rin/open-access-and-research-data/what-is-open-access-/benefits-for-uk
2,57,portal.uea.ac.uk/rin/open-access-and-research-data/what-is-open-access-/different-types-of-content
2,58,portal.uea.ac.uk/en/rin/open-access-and-research-data/what-is-open-access-/different-types-of-content
2,59,portal.uea.ac.uk/itservices/corporate-systems/administrative/reporting/cubes/cube_library_loan
2,60,portal.uea.ac.uk/en/vco/intranet/registry-services/access
2,61,portal.uea.ac.uk/vco/intranet/registry-services/access
2,62,portal.uea.ac.uk/learning-technology/studio-technology/access-grid
2,63,portal.uea.ac.uk/library/access/external-borrowers
2,64,portal.uea.ac.uk/web/hub/library/access/external-borrowers
2,65,portal.uea.ac.uk/information-services/comments/library
2,66,portal.uea.ac.uk/web/hub/information-services/comments/library
2,67,portal.uea.ac.uk/en/information-services/comments/library
2,68,portal.uea.ac.uk/learning-technology/help/digital-signage/access
2,69,portal.uea.ac.uk/library/access/associate-colleges/ccn-and-easton-otley
2,70,portal.uea.ac.uk/learning-technology/help/browzine/access-browzine-via-a-mobile-device
2,71,portal.uea.ac.uk/learning-technology/help/camtasia/access-camtasia
2,72,portal.uea.ac.uk/estates/improving-your-campus/current-works/-/asset_publisher/F0wZU8imREei/blog/library-alterations
2,73,portal.uea.ac.uk/en/estates/improving-your-campus/current-works/-/asset_publisher/F0wZU8imREei/blog/library-alterations
2,74,portal.uea.ac.uk/library/borrowing
2,75,portal.uea.ac.uk/web/hub/library/borrowing
2,76,portal.uea.ac.uk/information-services/strategy-planning-and-compliance/isd-strategy-2014-19/library-resources
2,77,portal.uea.ac.uk/en/information-services/strategy-planning-and-compliance/isd-strategy-2014-19/library-resources
2,78,portal.uea.ac.uk/library/contact-us
2,79,portal.uea.ac.uk/library/news
2,80,portal.uea.ac.uk/library/research-support/library-pgr-support
2,81,portal.uea.ac.uk/information-services/committees/library-forum
2,82,portal.uea.ac.uk/en/information-services/committees/library-forum
2,83,portal.uea.ac.uk/student-support-service/money-matters/hardship-funds/access-to-learning
2,84,portal.uea.ac.uk/en/student-support-service/money-matters/hardship-funds/access-to-learning
2,85,portal.uea.ac.uk/web/hub/library/research-support
2,86,portal.uea.ac.uk/library/research-support
2,87,portal.uea.ac.uk/library/resources
2,88,portal.uea.ac.uk/itservices/corporate-systems/administrative/reporting/cubes/cube_library_item
2,89,portal.uea.ac.uk/itservices/help/access-and-permissions
2,90,portal.uea.ac.uk/web/about/corporate-social-responsibility/equality-and-diversity/accessibility-statement
2,91,portal.uea.ac.uk/library/disabilities/buildings
2,92,portal.uea.ac.uk/en/multifaith/faiths/islamic/cardax-access-request-form
2,93,portal.uea.ac.uk/multifaith/faiths/islamic/cardax-access-request-form
2,94,portal.uea.ac.uk/estates/travel-and-transport/by-car/accessible-parking
2,95,portal.uea.ac.uk/en/estates/travel-and-transport/by-car/accessible-parking
2,96,portal.uea.ac.uk/library/study-space/lockers
2,97,portal.uea.ac.uk/is/online-wiki-helpdesk/-/wiki/Main/How+to+connect+to+the+UEA+Desktop+from+your+own+device
2,98,portal.uea.ac.uk/en/faculty-school-intranets/sci-intranet/health-and-safety/safety-subjects/a-d/building-security
2,99,portal.uea.ac.uk/faculty-school-intranets/sci-intranet/health-and-safety/safety-subjects/a-d/building-security
2,100,portal.uea.ac.uk/estates/building-design-guide/part-9
3,1,portal.uea.ac.uk/academic-calendar/semester-dates
3,2,portal.uea.ac.uk/web/about/key-dates/semester-dates
3,3,portal.uea.ac.uk/committee-office/semester-dates
3,4,portal.uea.ac.uk/en/committee-office/semester-dates
3,5,portal.uea.ac.uk/en/nursery/dates-and-opening-times
3,6,portal.uea.ac.uk/nursery/dates-and-opening-times
3,7,portal.uea.ac.uk/committee-office/deadline-for-committee-meetings
3,8,portal.uea.ac.uk/en/committee-office/deadline-for-committee-meetings
3,9,portal.uea.ac.uk/en/csed/learning-and-teaching1/uea-writing-cafe
3,10,portal.uea.ac.uk//csed/learning-and-teaching1/uea-writing-cafe
3,11,portal.uea.ac.uk/csed/learning-and-teaching1/uea-writing-cafe
3,12,portal.uea.ac.uk/csed/learning-and-teaching1/uea-writing-cafe-platform-hootsuite
3,13,portal.uea.ac.uk/en/csed/learning-and-teaching1/uea-writing-cafe-platform-hootsuite
3,14,portal.uea.ac.uk/web/about/key-dates
3,15,portal.uea.ac.uk/committee-office/semester-dates/archived-dates
3,16,portal.uea.ac.uk/en/committee-office/semester-dates/archived-dates
3,17,portal.uea.ac.uk/csed/qualifications/teaching-skills
3,18,portal.uea.ac.uk/en/csed/qualifications/teaching-skills
3,19,portal.uea.ac.uk/itservices/corporate-systems/administrative/reporting/shared-dimensions/date-dim_date-
3,20,portal.uea.ac.uk/accommodation/key-dates
3,21,portal.uea.ac.uk/en/accommodation/key-dates
3,22,portal.uea.ac.uk/en/accommodation/summer/application-form
3,23,portal.uea.ac.uk/accommodation/summer/application-form
3,24,portal.uea.ac.uk/en/committee-office/uea-committees-and-boards/widening-participation-committee/widening-participation-committee-2017-2018
3,25,portal.uea.ac.uk/committee-office/uea-committees-and-boards/widening-participation-committee/widening-participation-committee-2017-2018
3,26,portal.uea.ac.uk/en/committee-office/almanac/almanac-amendments
3,27,portal.uea.ac.uk/committee-office/almanac/almanac-amendments
3,28,portal.uea.ac.uk/partnerships-office/events/partnerships-conference-2018
3,29,portal.uea.ac.uk/csed/learning-and-teaching1/teachmeets
3,30,portal.uea.ac.uk/committee-office/uea-committees-and-boards/senate
3,31,portal.uea.ac.uk/en/committee-office/uea-committees-and-boards/senate
3,32,portal.uea.ac.uk/itservices/corporate-systems/administrative/reporting/postgraduate-research-reporting
3,33,portal.uea.ac.uk/planningoffice/slc/year-abroad-form
3,34,portal.uea.ac.uk/en/planningoffice/slc/year-abroad-form
3,35,portal.uea.ac.uk/itservices/corporate-systems/administrative/reporting/cubes/cube_library_item
3,36,portal.uea.ac.uk/student-support-service/international-students/life-in-the-uk/important-dates
3,37,portal.uea.ac.uk/en/committee-office/uea-committees-and-boards/learning-and-teaching-committee
3,38,portal.uea.ac.uk/committee-office/uea-committees-and-boards/learning-and-teaching-committee
3,39,portal.uea.ac.uk/rin/apply-for-funding/internal-peer-review/mrc
3,40,portal.uea.ac.uk/en/rin/apply-for-funding/internal-peer-review/mrc
3,41,portal.uea.ac.uk/web/hub/committee-office/uea-committees-and-boards/student-experience-committee
3,42,portal.uea.ac.uk/committee-office/uea-committees-and-boards/student-experience-committee
3,43,portal.uea.ac.uk/en/uea-retirement-association/dates-for-your-diary
3,44,portal.uea.ac.uk/uea-retirement-association/dates-for-your-diary
3,45,portal.uea.ac.uk/finance/abw/dates
3,46,portal.uea.ac.uk/en/finance/abw/dates
3,47,portal.uea.ac.uk/itservices/corporate-systems/administrative/reporting/shared-dimensions/library-item
3,48,portal.uea.ac.uk/estates/help-centre/latest-news/-/asset_publisher/4y6W3ljN9SEH/content/window-cleaning-programme-2016-2017
3,49,portal.uea.ac.uk/en/estates/help-centre/latest-news/-/asset_publisher/4y6W3ljN9SEH/content/window-cleaning-programme-2016-2017
3,50,portal.uea.ac.uk/en/committee-office/uea-committees-and-boards/council/council-membership
3,51,portal.uea.ac.uk/committee-office/uea-committees-and-boards/council/council-membership
3,52,portal.uea.ac.uk/csed/csed-programme-2017-18/booking-form-ed-
3,53,portal.uea.ac.uk/postgraduate-research/postgraduate-research-personal-and-professional-development-module-catalogue
3,54,portal.uea.ac.uk/en/postgraduate-research/events/ppd-online-directory
3,55,portal.uea.ac.uk/postgraduate-research/personal-and-professional-development-ppd/ppd-online-directory
3,56,portal.uea.ac.uk/en/postgraduate-research/personal-and-professional-development-ppd/ppd-online-directory
3,57,portal.uea.ac.uk/new-students/postgraduate-researchers/research-student-induction
3,58,portal.uea.ac.uk/new-students/postgraduate-researchers/research-student-induction/
3,59,portal.uea.ac.uk/rin/apply-for-funding/internal-peer-review/esrc
3,60,portal.uea.ac.uk/en/rin/apply-for-funding/internal-peer-review/esrc
3,61,portal.uea.ac.uk/dos/wellbeing/disability/sticker-scheme/blackboard-online-marking-pilot-semester-one-2015
3,62,portal.uea.ac.uk/student-support-service/wellbeing/disability/sticker-scheme/blackboard-online-marking-pilot-semester-one-2015
3,63,portal.uea.ac.uk/en/student-support-service/wellbeing/disability/sticker-scheme/blackboard-online-marking-pilot-semester-one-2015
3,64,portal.uea.ac.uk/committee-office/uea-committees-and-boards/council/council-2017-2018
3,65,portal.uea.ac.uk/en/committee-office/uea-committees-and-boards/council/council-2017-2018
3,66,portal.uea.ac.uk/committee-office/uea-committees-and-boards/senate/senate-2017-2018
3,67,portal.uea.ac.uk/en/committee-office/uea-committees-and-boards/senate/senate-2017-2018
3,68,portal.uea.ac.uk/csed/csed-programme-2017-18/booking-form-pd-
3,69,portal.uea.ac.uk/csed/csed-programme-2017-18/booking-form-lm-
3,70,portal.uea.ac.uk/procurement/news
3,71,portal.uea.ac.uk/en/procurement/news
3,72,portal.uea.ac.uk/csed/csed-programme-2017-18/booking-form-lts2-
3,73,portal.uea.ac.uk/committee-office/uea-committees-and-boards/senate/senate-membership
3,74,portal.uea.ac.uk/en/committee-office/uea-committees-and-boards/senate/senate-membership
3,75,portal.uea.ac.uk/csed/csed-programme-2017-18/research-3
3,76,portal.uea.ac.uk/csed/csed-programme-2017-18/it-communications-technology-3
3,77,portal.uea.ac.uk/itservices/corporate-systems/administrative/reporting/cubes/cube_snapshot_application
3,78,portal.uea.ac.uk/csed/csed-programme-2017-18/learning-teaching-supervision-2
3,79,portal.uea.ac.uk/committee-office/uea-committees-and-boards/equality-and-diversity-committee/equality-and-diversity-committee-2017-2018
3,80,portal.uea.ac.uk/en/committee-office/uea-committees-and-boards/equality-and-diversity-committee/equality-and-diversity-committee-2017-2018
3,81,portal.uea.ac.uk/en/uea-retirement-association/events/games-afternoons
3,82,portal.uea.ac.uk/web/hub/uea-retirement-association/events/games-afternoons
3,83,portal.uea.ac.uk/uea-retirement-association/events/games-afternoons
3,84,portal.uea.ac.uk/new-students/postgraduate-researchers/international-students
3,85,portal.uea.ac.uk/csed/csed-programme-2017-18/booking-form-rs2-
3,86,portal.uea.ac.uk/en/vco/intranet/blog
3,87,portal.uea.ac.uk/vco/intranet/blog
3,88,portal.uea.ac.uk/csed/learning-and-teaching1/learning-and-teaching-days/learning-teaching-day-2018
3,89,portal.uea.ac.uk/web/hub/library/borrowing/entitlements
3,90,portal.uea.ac.uk/library/borrowing/entitlements
3,91,portal.uea.ac.uk/committee-office/uea-committees-and-boards/information-strategy-and-services-committee/information-strategy-and-services-committee-2017-2018
3,92,portal.uea.ac.uk/en/committee-office/uea-committees-and-boards/information-strategy-and-services-committee/information-strategy-and-services-committee-2017-2018
3,93,portal.uea.ac.uk/csed/resources/labyrinth
3,94,portal.uea.ac.uk/en/csed/resources/labyrinth
3,95,portal.uea.ac.uk/itservices/corporate-systems/administrative/reporting/cubes/cube_library_loan
3,96,portal.uea.ac.uk/itservices/corporate-systems/administrative/reporting/shared-dimensions/member-dim_member-
3,97,portal.uea.ac.uk/en/accommodation/visiting-students/september-entry
3,98,portal.uea.ac.uk/accommodation/visiting-students/september-entry
3,99,portal.uea.ac.uk/committee-office/uea-committees-and-boards/information-strategy-and-services-committee/archived-meeting-dates
3,100,portal.uea.ac.uk/en/committee-office/uea-committees-and-boards/information-strategy-and-services-committee/archived-meeting-dates
4,1,portal.uea.ac.uk/en/committee-office/uea-committees-and-boards/learning-and-teaching-committee/learning-and-teaching-committee-membership
4,2,portal.uea.ac.uk/committee-office/uea-committees-and-boards/learning-and-teaching-committee/learning-and-teaching-committee-membership
4,3,portal.uea.ac.uk/csed/learning-and-teaching1/learning-and-teaching-days
4,4,portal.uea.ac.uk/learning-and-teaching/staff/new-staff/academic-roles
4,5,portal.uea.ac.uk/learning-and-teaching/staff/teaching/learning-teaching-day
4,6,portal.uea.ac.uk/en/committee-office/uea-committees-and-boards/learning-and-teaching-committee
4,7,portal.uea.ac.uk/committee-office/uea-committees-and-boards/learning-and-teaching-committee
4,8,portal.uea.ac.uk/committee-office/uea-committees-and-boards
4,9,portal.uea.ac.uk/en/committee-office/uea-committees-and-boards
4,10,portal.uea.ac.uk/learning-and-teaching/learning-and-teaching-strategies
4,11,portal.uea.ac.uk/learning-and-teaching/staff/teaching/innovation
4,12,portal.uea.ac.uk/learning-and-teaching/docs/learning-and-teaching
4,13,portal.uea.ac.uk/learning-and-teaching/staff/teaching
4,14,portal.uea.ac.uk/committee-office/uea-committees-and-boards/equality-and-diversity-committee
4,15,portal.uea.ac.uk/en/committee-office/uea-committees-and-boards/equality-and-diversity-committee
4,16,portal.uea.ac.uk/learning-and-teaching/staff/teaching/newsletter
4,17,portal.uea.ac.uk/csed/learning-and-teaching1/learning-and-teaching-days/learning-teaching-day-2018
4,18,portal.uea.ac.uk/web/hub/committee-office/uea-committees-and-boards/equality-and-diversity-committee/equality-and-diversity-committee-membership
4,19,portal.uea.ac.uk/committee-office/uea-committees-and-boards/equality-and-diversity-committee/equality-and-diversity-committee-membership
4,20,portal.uea.ac.uk/en/committee-office/uea-committees-and-boards/equality-and-diversity-committee/equality-and-diversity-committee-membership
4,21,portal.uea.ac.uk/committee-office/uea-standing-orders-and-terms-of-reference
4,22,portal.uea.ac.uk/en/committee-office/uea-standing-orders-and-terms-of-reference
4,23,portal.uea.ac.uk/committee-office/uea-committees-and-boards/learning-and-teaching-committee/learning-and-teaching-committee-2017-2018
4,24,portal.uea.ac.uk/en/committee-office/uea-committees-and-boards/learning-and-teaching-committee/learning-and-teaching-committee-2017-2018
4,25,portal.uea.ac.uk/learning-and-teaching/staff/new-staff/committees
4,26,portal.uea.ac.uk/en/csed/learning-and-teaching1
4,27,portal.uea.ac.uk/csed/learning-and-teaching1
4,28,portal.uea.ac.uk/committee-office/uea-committees-and-boards/learning-and-teaching-committee/learning-and-teaching-committee-2013-2014
4,29,portal.uea.ac.uk/en/committee-office/uea-committees-and-boards/learning-and-teaching-committee/learning-and-teaching-committee-2013-2014
4,30,portal.uea.ac.uk/committee-office/uea-committees-and-boards/information-strategy-and-services-committee
4,31,portal.uea.ac.uk/en/committee-office/uea-committees-and-boards/information-strategy-and-services-committee
4,32,portal.uea.ac.uk/committee-office/uea-committees-and-boards/equality-and-diversity-committee/equality-and-diversity-committee-2009-2010
4,33,portal.uea.ac.uk/en/committee-office/uea-committees-and-boards/equality-and-diversity-committee/equality-and-diversity-committee-2009-2010
4,34,portal.uea.ac.uk/ongoing-management-and-due-diligence-processes/joint-board-of-study-and-joint-committee
4,35,portal.uea.ac.uk/csed/learning-and-teaching-day
4,36,portal.uea.ac.uk/committee-office/uea-committees-and-boards/learning-and-teaching-committee/learning-and-teaching-committee-2011-2012
4,37,portal.uea.ac.uk/en/committee-office/uea-committees-and-boards/learning-and-teaching-committee/learning-and-teaching-committee-2011-2012
4,38,portal.uea.ac.uk/learning-and-teaching/staff/course-modules/course-update/
4,39,portal.uea.ac.uk/learning-and-teaching/staff/course-modules/course-update
4,40,portal.uea.ac.uk/learning-and-teaching/staff/teaching/teaching-fellowships
4,41,portal.uea.ac.uk/web/about/corporate-social-responsibility/equality-diversity
4,42,portal.uea.ac.uk/web/about/visiting-staying/tourist-information/art-culture
4,43,portal.uea.ac.uk/committee-office/uea-committees-and-boards/biohazards-and-gm-committee
4,44,portal.uea.ac.uk/en/committee-office/uea-committees-and-boards/biohazards-and-gm-committee
4,45,portal.uea.ac.uk/committee-office/uea-committees-and-boards/equality-and-diversity-committee/equality-and-diversity-committee-2013-2014
4,46,portal.uea.ac.uk/en/committee-office/uea-committees-and-boards/equality-and-diversity-committee/equality-and-diversity-committee-2013-2014
4,47,portal.uea.ac.uk/committee-office/uea-committees-and-boards/equality-and-diversity-committee/equality-and-diversity-committee-2016-2017
4,48,portal.uea.ac.uk/en/committee-office/uea-committees-and-boards/equality-and-diversity-committee/equality-and-diversity-committee-2016-2017
4,49,portal.uea.ac.uk/web/hub/committee-office/uea-committees-and-boards/information-strategy-and-services-committee/information-strategy-and-services-committee-membership
4,50,portal.uea.ac.uk/committee-office/uea-committees-and-boards/information-strategy-and-services-committee/information-strategy-and-services-committee-membership
4,51,portal.uea.ac.uk/en/committee-office/uea-committees-and-boards/information-strategy-and-services-committee/information-strategy-and-services-committee-membership
4,52,portal.uea.ac.uk/committee-office/uea-committees-and-boards/equality-and-diversity-committee/equality-and-diversity-committee-2017-2018
4,53,portal.uea.ac.uk/en/committee-office/uea-committees-and-boards/equality-and-diversity-committee/equality-and-diversity-committee-2017-2018
4,54,portal.uea.ac.uk/committee-office/uea-committees-and-boards/equality-and-diversity-committee/equality-and-diversity-committee-2015-2016
4,55,portal.uea.ac.uk/en/committee-office/uea-committees-and-boards/equality-and-diversity-committee/equality-and-diversity-committee-2015-2016
4,56,portal.uea.ac.uk/committee-office/uea-committees-and-boards/equality-and-diversity-committee/equality-and-diversity-committee-2010-2011
4,57,portal.uea.ac.uk/en/committee-office/uea-committees-and-boards/equality-and-diversity-committee/equality-and-diversity-committee-2010-2011
4,58,portal.uea.ac.uk/csed/learning-and-teaching1/learning-and-teaching-days/learning-and-teaching-day-2016
4,59,portal.uea.ac.uk/committee-office/uea-committees-and-boards/biohazards-and-gm-committee/biohazards-and-gm-committee-membership
4,60,portal.uea.ac.uk/en/committee-office/uea-committees-and-boards/biohazards-and-gm-committee/biohazards-and-gm-committee-membership
4,61,portal.uea.ac.uk/committee-office/archived-committee-minutes-and-documents
4,62,portal.uea.ac.uk/itservices/corporate-systems/teaching-and-learning
4,63,portal.uea.ac.uk/en/committee-office/uea-committees-and-boards/learning-and-teaching-committee/learning-and-teaching-committee-2016-2017
4,64,portal.uea.ac.uk/committee-office/uea-committees-and-boards/learning-and-teaching-committee/learning-and-teaching-committee-2016-2017
4,65,portal.uea.ac.uk/en/committee-office/uea-committees-and-boards/widening-participation-committee
4,66,portal.uea.ac.uk/committee-office/uea-committees-and-boards/widening-participation-committee
4,67,portal.uea.ac.uk/learning-and-teaching/staff/teaching/recognition
4,68,portal.uea.ac.uk/learning-and-teaching/staff/teaching/recognition/
4,69,portal.uea.ac.uk/committee-office/uea-committees-and-boards/standing-committee-of-the-assembly
4,70,portal.uea.ac.uk/en/committee-office/uea-committees-and-boards/standing-committee-of-the-assembly
4,71,portal.uea.ac.uk/en/committee-office/archived-committee-minutes-and-documents
4,72,portal.uea.ac.uk/committee-office/uea-committees-and-boards/information-strategy-and-services-committee/information-strategy-and-services-committee-2009-2010
4,73,portal.uea.ac.uk/committee-office/uea-committees-and-boards/equality-and-diversity-committee/equality-and-diversity-committee-2012-2013
4,74,portal.uea.ac.uk/en/committee-office/uea-committees-and-boards/equality-and-diversity-committee/equality-and-diversity-committee-2012-2013
4,75,portal.uea.ac.uk/learning-and-teaching/staff/teaching/teaching-fellowships/selection-criteria
4,76,portal.uea.ac.uk/learning-and-teaching
4,77,portal.uea.ac.uk/en/learning-and-teaching
4,78,portal.uea.ac.uk/en/committee-office/uea-committees-and-boards/information-strategy-and-services-committee/information-strategy-and-services-committee-2009-2010
4,79,portal.uea.ac.uk/prizesandscholarships/hum
4,80,portal.uea.ac.uk/en/prizesandscholarships/hum
4,81,portal.uea.ac.uk/learning-and-teaching/hubs
4,82,portal.uea.ac.uk/learning-and-teaching/hubs/
4,83,portal.uea.ac.uk/committee-office/uea-committees-and-boards/equality-and-diversity-committee/equality-and-diversity-committee-2011-2012
4,84,portal.uea.ac.uk/en/committee-office/uea-committees-and-boards/equality-and-diversity-committee/equality-and-diversity-committee-2011-2012
4,85,portal.uea.ac.uk/information-services/strategy-planning-and-compliance/regulations-and-policies/information-regulations-and-policies/freedom-of-information/publication-scheme/what-our-priorities-are-and-how-we-are-doing
4,86,portal.uea.ac.uk/en/information-services/strategy-planning-and-compliance/regulations-and-policies/information-regulations-and-policies/freedom-of-information/publication-scheme/what-our-priorities-are-and-how-we-are-doing
4,87,portal.uea.ac.uk/web/about/visiting-staying
4,88,portal.uea.ac.uk/committee-office/uea-committees-and-boards/learning-and-teaching-committee/learning-and-teaching-committee-2014-2015
4,89,portal.uea.ac.uk/en/committee-office/uea-committees-and-boards/learning-and-teaching-committee/learning-and-teaching-committee-2014-2015
4,90,portal.uea.ac.uk/en/committee-office/uea-committees-and-boards/learning-and-teaching-committee/learning-and-teaching-committee-2015-2016
4,91,portal.uea.ac.uk/committee-office/uea-committees-and-boards/learning-and-teaching-committee/learning-and-teaching-committee-2015-2016
4,92,portal.uea.ac.uk/faculty-school-intranets/sci-intranet/school-specific/env/env-committees/equality-and-diversity-committee
4,93,portal.uea.ac.uk/faculty-school-intranets/sci-intranet/school-specific/env/env-committees/marketing-and-communications-committee
4,94,portal.uea.ac.uk/en/faculty-school-intranets/sci-intranet/school-specific/env/env-committees/marketing-and-communications-committee
4,95,portal.uea.ac.uk/en/faculty-school-intranets/sci-intranet/school-specific/env/env-committees/equality-and-diversity-committee
4,96,portal.uea.ac.uk/en/committee-office/uea-committees-and-boards/learning-and-teaching-committee/learning-and-teaching-committee-2010-2011
4,97,portal.uea.ac.uk/committee-office/uea-committees-and-boards/learning-and-teaching-committee/learning-and-teaching-committee-2010-2011
4,98,portal.uea.ac.uk/csed/learning-and-teaching1/learning-and-teaching-days/learning-and-teaching-day-2017
4,99,portal.uea.ac.uk/committee-office/uea-committees-and-boards/equality-and-diversity-committee/equality-and-diversity-committee-2014-2015
4,100,portal.uea.ac.uk/en/committee-office/uea-committees-and-boards/equality-and-diversity-committee/equality-and-diversity-committee-2014-2015
5,1,portal.uea.ac.uk/web/about/our-university/executive/neil-ward
5,2,portal.uea.ac.uk/web/about/our-university/executive
5,3,portal.uea.ac.uk/committee-office/uea-committees-and-boards/governance-committee/membership
5,4,portal.uea.ac.uk/en/committee-office/uea-committees-and-boards/governance-committee/membership
5,5,portal.uea.ac.uk/csed/learning-and-teaching1/learning-and-teaching-days/learning-and-teaching-day-2017
5,6,portal.uea.ac.uk/en/committee-office/uea-committees-and-boards/widening-participation-committee/widening-participation-committee-membership
5,7,portal.uea.ac.uk/committee-office/uea-committees-and-boards/widening-participation-committee/widening-participation-committee-membership
5,8,portal.uea.ac.uk/en/committee-office/uea-committees-and-boards/council/council-membership
5,9,portal.uea.ac.uk/committee-office/uea-committees-and-boards/council/council-membership
5,10,portal.uea.ac.uk/en/resnet/past-events/2012
5,11,portal.uea.ac.uk/resnet/past-events/2012
5,12,portal.uea.ac.uk/csed/learning-and-teaching1/learning-and-teaching-days/learning-and-teaching-day-2016
5,13,portal.uea.ac.uk/committee-office/uea-committees-and-boards/student-experience-committee/student-experience-committee-membership
5,14,portal.uea.ac.uk/web/about/our-university/executive/dylan-edwards
5,15,portal.uea.ac.uk/web/hub/committee-office/uea-committees-and-boards/information-strategy-and-services-committee/information-strategy-and-services-committee-membership
5,16,portal.uea.ac.uk/committee-office/uea-committees-and-boards/information-strategy-and-services-committee/information-strategy-and-services-committee-membership
5,17,portal.uea.ac.uk/en/committee-office/uea-committees-and-boards/information-strategy-and-services-committee/information-strategy-and-services-committee-membership
5,18,portal.uea.ac.uk/estates/space-management
5,19,portal.uea.ac.uk/committee-office/uea-committees-and-boards/senate/senate-membership
5,20,portal.uea.ac.uk/en/committee-office/uea-committees-and-boards/senate/senate-membership
5,21,portal.uea.ac.uk/en/estates/space-management
5,22,portal.uea.ac.uk/web/about/sustainability/blog/-/asset_publisher/ySKO7wbGdMr2/content/starting-the-cycle-to-work
5,23,portal.uea.ac.uk/partnerships-office/partnerships-conference-2017
5,24,portal.uea.ac.uk/en/committee-office/uea-committees-and-boards/learning-and-teaching-committee/learning-and-teaching-committee-membership
5,25,portal.uea.ac.uk/committee-office/uea-committees-and-boards/learning-and-teaching-committee/learning-and-teaching-committee-membership
5,26,portal.uea.ac.uk/csed/learning-and-teaching-day
5,27,portal.uea.ac.uk/web/about/our-university/executive/ian-callaghan
5,28,portal.uea.ac.uk/web/about/our-university/executive/professor-jacqueline-collier
5,29,portal.uea.ac.uk/web/about/our-university/student-charter
5,30,portal.uea.ac.uk/web/about/our-university/executive/professor-sarah-barrow
5,31,portal.uea.ac.uk/web/about/our-university/executive/philip-gilmartin
5,32,portal.uea.ac.uk/en/uea-retirement-association/contact-us
5,33,portal.uea.ac.uk/uea-retirement-association/contact-us
5,34,portal.uea.ac.uk/web/about/our-university/executive/professor-fiona-lettice
5,35,portal.uea.ac.uk/learning-and-teaching/staff/new-staff/committees
5,36,portal.uea.ac.uk/web/about/sustainability/blog/-/asset_publisher/ySKO7wbGdMr2/content/an-early-tea-cycle-trails-part-ii-
5,37,portal.uea.ac.uk/csed/resources/introductory-conference
5,38,portal.uea.ac.uk/en/csed/resources/introductory-conference
5,39,portal.uea.ac.uk/learning-and-teaching/staff/teaching/innovation
5,40,portal.uea.ac.uk/web/about/media-room/uea-gigs/story-archive
5,41,portal.uea.ac.uk/prizesandscholarships/sci/mth
5,42,portal.uea.ac.uk/en/prizesandscholarships/sci/mth
5,43,portal.uea.ac.uk/learning-and-teaching/staff/new-staff/academic-roles
5,44,portal.uea.ac.uk/rin/research-integrity/research-ethics/university-research-ethics-committee-u-rec-
5,45,portal.uea.ac.uk/en/rin/research-integrity/research-ethics/university-research-ethics-committee-u-rec-
5,46,portal.uea.ac.uk/estates/grounds
5,47,portal.uea.ac.uk/en/estates/grounds
5,48,portal.uea.ac.uk/learning-technology/digital-signage/digital-signage-editors
5,49,portal.uea.ac.uk/prizesandscholarships/hum/phi
5,50,portal.uea.ac.uk/en/prizesandscholarships/hum/phi
5,51,portal.uea.ac.uk/prizesandscholarships/sci/che
5,52,portal.uea.ac.uk/en/prizesandscholarships/sci/che
5,53,portal.uea.ac.uk/arm/people/profile/list/all/fi/1
5,54,portal.uea.ac.uk/arm/people/profile/list/all/fi
5,55,portal.uea.ac.uk/en/arm/people/profile/list/all/fi/1
5,56,portal.uea.ac.uk/en/arm/people/profile/list/all/fi
5,57,portal.uea.ac.uk/web/about/sustainability/get-involved/green-impact/2016-awards
5,58,portal.uea.ac.uk/web/about/sustainability/who-are-we/meet-the-team
5,59,portal.uea.ac.uk/web/about/-/thetford-forest-visitors-to-help-uea-scientists-search-for-antibiotics
5,60,portal.uea.ac.uk/web/about/sustainability/blog
5,61,portal.uea.ac.uk/information-services/people
5,62,portal.uea.ac.uk/information-services/people/profile/list/all/ab/1
5,63,portal.uea.ac.uk/information-services/people/profile/list/all/ab
5,64,portal.uea.ac.uk/people/profile/list/all/hh/8
5,65,portal.uea.ac.uk/estates/improving-your-campus/future-works
5,66,portal.uea.ac.uk/estates/improving-your-campus/buildings-and-projects
5,67,portal.uea.ac.uk/en/estates/improving-your-campus/buildings-and-projects
5,68,portal.uea.ac.uk/en/estates/improving-your-campus/future-works
5,69,portal.uea.ac.uk/web/about/sustainability/get-involved/green-impact/2017-awards
5,70,portal.uea.ac.uk/prizesandscholarships/sci/bio
5,71,portal.uea.ac.uk/en/prizesandscholarships/sci/bio
5,72,portal.uea.ac.uk/prizesandscholarships/hum/his
5,73,portal.uea.ac.uk/en/prizesandscholarships/hum/his
5,74,portal.uea.ac.uk/prizesandscholarships/hum/psi
5,75,portal.uea.ac.uk/en/prizesandscholarships/hum/psi
5,76,portal.uea.ac.uk/web/about/media-room/uea-gigs/extracted-memories
5,77,portal.uea.ac.uk/csed/csed-programme-2017-18/learning-teaching-supervision-1
6,1,portal.uea.ac.uk/equality/legislation/equality-act-2010
6,2,portal.uea.ac.uk/en/equality/legislation/equality-act-2010
6,3,portal.uea.ac.uk/committee-office/uea-committees-and-boards/equality-and-diversity-committee/equality-and-diversity-committee-2010-2011
6,4,portal.uea.ac.uk/en/committee-office/uea-committees-and-boards/equality-and-diversity-committee/equality-and-diversity-committee-2010-2011
6,5,portal.uea.ac.uk/equality/policies-schemes-and-action-plans
6,6,portal.uea.ac.uk/en/equality/policies-schemes-and-action-plans
6,7,portal.uea.ac.uk/equality/legislation
6,8,portal.uea.ac.uk/en/equality/legislation
6,9,portal.uea.ac.uk/committee-office/uea-committees-and-boards/equality-and-diversity-committee/equality-and-diversity-committee-2009-2010
6,10,portal.uea.ac.uk/en/committee-office/uea-committees-and-boards/equality-and-diversity-committee/equality-and-diversity-committee-2009-2010
6,11,portal.uea.ac.uk/committee-office/uea-committees-and-boards/equality-and-diversity-committee/equality-and-diversity-committee-2013-2014
6,12,portal.uea.ac.uk/en/committee-office/uea-committees-and-boards/equality-and-diversity-committee/equality-and-diversity-committee-2013-2014
6,13,portal.uea.ac.uk/committee-office/uea-committees-and-boards/equality-and-diversity-committee/equality-and-diversity-committee-2011-2012
6,14,portal.uea.ac.uk/en/committee-office/uea-committees-and-boards/equality-and-diversity-committee/equality-and-diversity-committee-2011-2012
6,15,portal.uea.ac.uk/equality/policies-schemes-and-action-plans/equality-information-and-ref2014
6,16,portal.uea.ac.uk/en/equality/policies-schemes-and-action-plans/equality-information-and-ref2014
6,17,portal.uea.ac.uk/web/hub/committee-office/uea-committees-and-boards/equality-and-diversity-committee/equality-and-diversity-committee-membership
6,18,portal.uea.ac.uk/committee-office/uea-committees-and-boards/equality-and-diversity-committee/equality-and-diversity-committee-membership
6,19,portal.uea.ac.uk/en/committee-office/uea-committees-and-boards/equality-and-diversity-committee/equality-and-diversity-committee-membership
6,20,portal.uea.ac.uk/committee-office/uea-committees-and-boards/equality-and-diversity-committee/equality-and-diversity-committee-2016-2017
6,21,portal.uea.ac.uk/en/committee-office/uea-committees-and-boards/equality-and-diversity-committee/equality-and-diversity-committee-2016-2017
6,22,portal.uea.ac.uk/equality/legislation/equality-analysis
6,23,portal.uea.ac.uk/en/equality/legislation/equality-analysis
6,24,portal.uea.ac.uk/committee-office/uea-committees-and-boards/equality-and-diversity-committee/equality-and-diversity-committee-2017-2018
6,25,portal.uea.ac.uk/en/committee-office/uea-committees-and-boards/equality-and-diversity-committee/equality-and-diversity-committee-2017-2018
6,26,portal.uea.ac.uk/committee-office/uea-committees-and-boards/equality-and-diversity-committee/equality-and-diversity-committee-2012-2013
6,27,portal.uea.ac.uk/en/committee-office/uea-committees-and-boards/equality-and-diversity-committee/equality-and-diversity-committee-2012-2013
6,28,portal.uea.ac.uk/equality/aspects-of-equality
6,29,portal.uea.ac.uk/en/equality/aspects-of-equality
6,30,portal.uea.ac.uk/en/equality/policies-schemes-and-action-plans/equality-objectives
6,31,portal.uea.ac.uk/committee-office/uea-committees-and-boards/equality-and-diversity-committee
6,32,portal.uea.ac.uk/en/committee-office/uea-committees-and-boards/equality-and-diversity-committee
6,33,portal.uea.ac.uk/committee-office/uea-committees-and-boards/equality-and-diversity-committee/equality-and-diversity-committee-2015-2016
6,34,portal.uea.ac.uk/en/committee-office/uea-committees-and-boards/equality-and-diversity-committee/equality-and-diversity-committee-2015-2016
6,35,portal.uea.ac.uk/equality/equality-and-diversity-committee
6,36,portal.uea.ac.uk/en/equality/equality-and-diversity-committee
6,37,portal.uea.ac.uk/committee-office/uea-committees-and-boards/equality-and-diversity-committee/equality-and-diversity-committee-2014-2015
6,38,portal.uea.ac.uk/en/committee-office/uea-committees-and-boards/equality-and-diversity-committee/equality-and-diversity-committee-2014-2015
6,39,portal.uea.ac.uk/en/equality/school-equality-web-pages
6,40,portal.uea.ac.uk/equality/school-equality-web-pages
6,41,portal.uea.ac.uk/equality/policies-schemes-and-action-plans/equality-objectives
6,42,portal.uea.ac.uk/equality/training1
6,43,portal.uea.ac.uk/en/equality/training1
6,44,portal.uea.ac.uk/web/hub/equality
6,45,portal.uea.ac.uk/en/equality
6,46,portal.uea.ac.uk/equality
6,47,portal.uea.ac.uk/equality/
6,48,portal.uea.ac.uk/equality/contact-us1
6,49,portal.uea.ac.uk/en/equality/contact-us1
6,50,portal.uea.ac.uk/equality/policies
6,51,portal.uea.ac.uk/en/equality/policies
6,52,portal.uea.ac.uk/web/about/corporate-social-responsibility/equality-diversity
6,53,portal.uea.ac.uk/rin/research-integrity/research-ethics/legislation
6,54,portal.uea.ac.uk/en/rin/research-integrity/research-ethics/legislation
6,55,portal.uea.ac.uk/en/equality/athena-swan
6,56,portal.uea.ac.uk/equality/athena-swan
6,57,portal.uea.ac.uk/procurement/sustainable-procurement/modern-slavery-procurement/purchasing-consortia
6,58,portal.uea.ac.uk/en/procurement/sustainable-procurement/modern-slavery-procurement/purchasing-consortia
6,59,portal.uea.ac.uk/web/about/corporate-social-responsibility/freedom-of-information
6,60,portal.uea.ac.uk/en/equality/aspects-of-equality/baby-change-and-feeding-room
6,61,portal.uea.ac.uk/equality/aspects-of-equality/baby-change-and-feeding-room
6,62,portal.uea.ac.uk/information-services/strategy-planning-and-compliance/regulations-and-policies/information-regulations-and-policies/freedom-of-information
6,63,portal.uea.ac.uk/en/information-services/strategy-planning-and-compliance/regulations-and-policies/information-regulations-and-policies/freedom-of-information
6,64,portal.uea.ac.uk/information-services/strategy-planning-and-compliance/regulations-and-policies/information-regulations-and-policies/data-protection/dpa-faqs-for-students
6,65,portal.uea.ac.uk/en/information-services/strategy-planning-and-compliance/regulations-and-policies/information-regulations-and-policies/data-protection/dpa-faqs-for-students
6,66,portal.uea.ac.uk/information-services/strategy-planning-and-compliance/regulations-and-policies/it-regulations-and-policies/external-legislation
6,67,portal.uea.ac.uk/en/information-services/strategy-planning-and-compliance/regulations-and-policies/it-regulations-and-policies/external-legislation
6,68,portal.uea.ac.uk/equality/networks/uea-staff-pride/about-staff-pride-and-making-contact
6,69,portal.uea.ac.uk/en/equality/networks/uea-staff-pride/about-staff-pride-and-making-contact
6,70,portal.uea.ac.uk/equality/networks/uea-staff-pride
6,71,portal.uea.ac.uk/en/equality/networks/uea-staff-pride
6,72,portal.uea.ac.uk/equality/networks/
6,73,portal.uea.ac.uk/equality/networks
6,74,portal.uea.ac.uk/en/equality/networks
6,75,portal.uea.ac.uk/csed/csed-programme-2017-18/personal-professional-development-2
6,76,portal.uea.ac.uk/csed/resources/diversity-in-the-workplace-online-training
6,77,portal.uea.ac.uk/en/csed/resources/diversity-in-the-workplace-online-training
6,78,portal.uea.ac.uk/information-services/strategy-planning-and-compliance/regulations-and-policies/information-regulations-and-policies/data-protection/data-protection-act-general-faqs
6,79,portal.uea.ac.uk/en/information-services/strategy-planning-and-compliance/regulations-and-policies/information-regulations-and-policies/data-protection/data-protection-act-general-faqs
6,80,portal.uea.ac.uk/procurement/sustainable-procurement/modern-slavery-procurement
6,81,portal.uea.ac.uk/en/procurement/sustainable-procurement/modern-slavery-procurement
6,82,portal.uea.ac.uk/equality/policies-schemes-and-action-plans/archived-schemes
6,83,portal.uea.ac.uk/en/equality/policies-schemes-and-action-plans/archived-schemes
6,84,portal.uea.ac.uk/equality/networks/bme-staff-network
6,85,portal.uea.ac.uk/en/equality/networks/bme-staff-network
6,86,portal.uea.ac.uk/procurement/news/-/asset_publisher/hAjzpAtGibxQ/blog/modern-slavery-act
6,87,portal.uea.ac.uk/en/procurement/news/-/asset_publisher/hAjzpAtGibxQ/blog/modern-slavery-act
6,88,portal.uea.ac.uk/faculty-school-intranets/sci-intranet/school-specific/env/env-committees/equality-and-diversity-committee
6,89,portal.uea.ac.uk/en/faculty-school-intranets/sci-intranet/school-specific/env/env-committees/equality-and-diversity-committee
6,90,portal.uea.ac.uk/vco/intranet/blog/-/asset_publisher/MczyAK1PrPOt/content/a-senseless-and-cruel-act
6,91,portal.uea.ac.uk/en/vco/intranet/blog/-/asset_publisher/MczyAK1PrPOt/content/a-senseless-and-cruel-act
6,92,portal.uea.ac.uk/information-services/strategy-planning-and-compliance/regulations-and-policies/information-regulations-and-policies/freedom-of-information/staff-faqs
6,93,portal.uea.ac.uk/en/information-services/strategy-planning-and-compliance/regulations-and-policies/information-regulations-and-policies/freedom-of-information/staff-faqs
6,94,portal.uea.ac.uk/equality/aspects-of-equality/web-accessibility
6,95,portal.uea.ac.uk/en/equality/aspects-of-equality/web-accessibility
6,96,portal.uea.ac.uk/en/equality/aspects-of-equality/religion-and-belief
6,97,portal.uea.ac.uk/equality/aspects-of-equality/religion-and-belief
6,98,portal.uea.ac.uk/en/staffassociation/data-protection
6,99,portal.uea.ac.uk/staffassociation/data-protection
6,100,portal.uea.ac.uk/faculty-school-intranets/sci-intranet/school-specific/bio/committees1/animal-welfare-and-ethical-review-board
7,1,portal.uea.ac.uk/en/staff-mobility/erasmus-staff-mobility-funding
7,2,portal.uea.ac.uk/staff-mobility/erasmus-staff-mobility-funding
7,3,portal.uea.ac.uk/en/staff-mobility/staff-mobility-application
7,4,portal.uea.ac.uk/staff-mobility/staff-mobility-application
7,5,portal.uea.ac.uk/en/staff-mobility/training-staff-mobility
7,6,portal.uea.ac.uk/staff-mobility/training-staff-mobility
7,7,portal.uea.ac.uk/en/staff-mobility/teaching-staff-mobility
7,8,portal.uea.ac.uk/staff-mobility/teaching-staff-mobility
7,9,portal.uea.ac.uk/en/staff-mobility/agreed-teaching-staff-links
7,10,portal.uea.ac.uk/staff-mobility/agreed-teaching-staff-links
7,11,portal.uea.ac.uk/en_US/staff-mobility
7,12,portal.uea.ac.uk/staff-mobility
7,13,portal.uea.ac.uk/en/vco/intranet/blog/-/asset_publisher/MczyAK1PrPOt/content/celebrating-30-years-of-erasmus
7,14,portal.uea.ac.uk/vco/intranet/blog/-/asset_publisher/MczyAK1PrPOt/content/celebrating-30-years-of-erasmus
7,15,portal.uea.ac.uk/arm/campus-news/internal-communications/eu-referendum-faqs
7,16,portal.uea.ac.uk/en/arm/campus-news/internal-communications/eu-referendum-faqs
8,1,portal.uea.ac.uk/estates/travel-and-transport/by-car/parking-for-students
8,2,portal.uea.ac.uk/en/estates/travel-and-transport/by-car/parking-for-students
8,3,portal.uea.ac.uk/web/hub/estates/travel-and-transport/by-car/parking-for-staff
8,4,portal.uea.ac.uk/estates/travel-and-transport/by-car/parking-for-staff
8,5,portal.uea.ac.uk/en/estates/travel-and-transport/by-car/parking-for-staff
8,6,portal.uea.ac.uk/estates/travel-and-transport/by-car/parking-for-visitors
8,7,portal.uea.ac.uk/web/hub/estates/travel-and-transport/by-car/parking-for-visitors
8,8,portal.uea.ac.uk/en/estates/travel-and-transport/by-car/parking-for-visitors
8,9,portal.uea.ac.uk/estates/travel-and-transport/by-car/parking-for-contractors
8,10,portal.uea.ac.uk/en/estates/travel-and-transport/by-car/parking-for-contractors
8,11,portal.uea.ac.uk/estates/travel-and-transport/by-car/about-us-parking-for-visitors
8,12,portal.uea.ac.uk/en/estates/travel-and-transport/by-car/about-us-parking-for-visitors
8,13,portal.uea.ac.uk/web/hub/estates/travel-and-transport/by-car/parking-invited-guests
8,14,portal.uea.ac.uk/estates/travel-and-transport/by-car/parking-invited-guests
8,15,portal.uea.ac.uk/en/estates/travel-and-transport/by-car/parking-invited-guests
8,16,portal.uea.ac.uk/estates/travel-and-transport/by-car/accessible-parking
8,17,portal.uea.ac.uk/en/estates/travel-and-transport/by-car/accessible-parking
8,18,portal.uea.ac.uk/estates/travel-and-transport/by-car
8,19,portal.uea.ac.uk/en/estates/travel-and-transport/by-car
8,20,portal.uea.ac.uk/web/about/visiting-staying/getting-here/parking-for-visitors
8,21,portal.uea.ac.uk/estates/events-and-activities/parking
8,22,portal.uea.ac.uk/en/estates/events-and-activities/parking
8,23,portal.uea.ac.uk/student-support-service/wellbeing/disability/concessions-for-parking-on-campus
8,24,portal.uea.ac.uk/en/student-support-service/wellbeing/disability/concessions-for-parking-on-campus
8,25,portal.uea.ac.uk/estates/travel-and-transport/by-car/about-us-parking-for-visitors/main-car-park
8,26,portal.uea.ac.uk/web/hub/estates/travel-and-transport/by-car/about-us-parking-for-visitors/main-car-park
8,27,portal.uea.ac.uk/en/estates/travel-and-transport/by-car/about-us-parking-for-visitors/main-car-park
8,28,portal.uea.ac.uk/estates/travel-and-transport/bob-champion-building
8,29,portal.uea.ac.uk/en/estates/travel-and-transport/bob-champion-building
8,30,portal.uea.ac.uk/estates/travel-and-transport/traffic-enforcement
8,31,portal.uea.ac.uk/en/estates/travel-and-transport/traffic-enforcement
8,32,portal.uea.ac.uk/graduationoffice/summer-graduation/parking-and-accommodation
8,33,portal.uea.ac.uk/en/graduationoffice/summer-graduation/parking-and-accommodation
8,34,portal.uea.ac.uk/web/about/visiting-staying/getting-here/parking-for-visitors/main-car-park
8,35,portal.uea.ac.uk/web/hub/staffassociation/members-discounts/discount-list/parking
8,36,portal.uea.ac.uk/staffassociation/members-discounts/discount-list/parking
8,37,portal.uea.ac.uk/estates/travel-and-transport/graduation-2017-travel/graduation-disabled-parking-request
8,38,portal.uea.ac.uk/estates/help-centre/faqs-questions
8,39,portal.uea.ac.uk/web/hub/estates/help-centre/faqs-questions
8,40,portal.uea.ac.uk/estates/travel-and-transport/public-transport/park-and-ride
8,41,portal.uea.ac.uk/en/estates/travel-and-transport/public-transport/park-and-ride
8,42,portal.uea.ac.uk/web/hub/staffassociation/members-discounts/discount-list/airport
8,43,portal.uea.ac.uk/staffassociation/members-discounts/discount-list/airport
8,44,portal.uea.ac.uk/estates/travel-and-transport/by-car/smartshare-car-sharing
8,45,portal.uea.ac.uk/web/hub/estates/travel-and-transport/by-car/smartshare-car-sharing
8,46,portal.uea.ac.uk/en/estates/travel-and-transport/by-car/smartshare-car-sharing
8,47,portal.uea.ac.uk/estates/travel-and-transport/graduation-2017-travel
8,48,portal.uea.ac.uk/vco/intranet/blog/-/asset_publisher/MczyAK1PrPOt/content/a-senseless-and-cruel-act
8,49,portal.uea.ac.uk/en/vco/intranet/blog/-/asset_publisher/MczyAK1PrPOt/content/a-senseless-and-cruel-act
8,50,portal.uea.ac.uk/estates/travel-and-transport/-/asset_publisher/Tr4J1aZA2DXu/content/main-car-park-closure
8,51,portal.uea.ac.uk/en/estates/travel-and-transport/-/asset_publisher/Tr4J1aZA2DXu/content/main-car-park-closure
8,52,portal.uea.ac.uk/estates/travel-and-transport/by-bike/cycle-parking
8,53,portal.uea.ac.uk/en/estates/travel-and-transport/by-bike/cycle-parking
8,54,portal.uea.ac.uk/student-support-service/international-students/visa-support/applying-outside-of-the-uk/brp
8,55,portal.uea.ac.uk/en/student-support-service/international-students/visa-support/applying-outside-of-the-uk/brp
8,56,portal.uea.ac.uk/web/about/visiting-staying/getting-here
8,57,portal.uea.ac.uk/staffassociation/social-events-and-news/past-events/chester-and-tatton-park
8,58,portal.uea.ac.uk/estates/travel-and-transport/by-car/car-security
8,59,portal.uea.ac.uk/en/estates/travel-and-transport/by-car/car-security
8,60,portal.uea.ac.uk/estates/travel-and-transport
8,61,portal.uea.ac.uk/web/hub/estates/travel-and-transport
8,62,portal.uea.ac.uk/en/estates/travel-and-transport
8,63,portal.uea.ac.uk/web/hub/estates/travel-and-transport/by-bike
8,64,portal.uea.ac.uk/estates/travel-and-transport/by-bike
8,65,portal.uea.ac.uk/en/estates/travel-and-transport/by-bike
8,66,portal.uea.ac.uk/estates/travel-and-transport/by-bike/locked-cycle-compounds
8,67,portal.uea.ac.uk/web/hub/estates/travel-and-transport/by-bike/locked-cycle-compounds
8,68,portal.uea.ac.uk/en/estates/travel-and-transport/by-bike/locked-cycle-compounds
8,69,portal.uea.ac.uk/estates/travel-and-transport/by-car/pay-as-you-go-driving
8,70,portal.uea.ac.uk/en/estates/travel-and-transport/by-car/pay-as-you-go-driving
8,71,portal.uea.ac.uk/accommodation/living-in-residences/what-to-pack
8,72,portal.uea.ac.uk/en/accommodation/living-in-residences/what-to-pack
8,73,portal.uea.ac.uk/estates/events-and-activities/events
8,74,portal.uea.ac.uk/en/estates/events-and-activities/events
8,75,portal.uea.ac.uk/web/hub/staffassociation/members-discounts/discount-list/zoo
8,76,portal.uea.ac.uk/staffassociation/members-discounts/discount-list/zoo
8,77,portal.uea.ac.uk/estates/travel-and-transport/-/asset_publisher/Tr4J1aZA2DXu/content/disruption-to-park-ride
8,78,portal.uea.ac.uk/en/estates/travel-and-transport/-/asset_publisher/Tr4J1aZA2DXu/content/disruption-to-park-ride
8,79,portal.uea.ac.uk/graduationoffice/summer-graduation/graduation-day-ceremony
8,80,portal.uea.ac.uk/en/graduationoffice/summer-graduation/graduation-day-ceremony
8,81,portal.uea.ac.uk/graduationoffice/summer-graduation/getting-here
8,82,portal.uea.ac.uk/en/graduationoffice/summer-graduation/getting-here
8,83,portal.uea.ac.uk/uea-retirement-association/events/walks
8,84,portal.uea.ac.uk/web/hub/uea-retirement-association/events/walks
8,85,portal.uea.ac.uk/en/uea-retirement-association/events/walks
8,86,portal.uea.ac.uk/uea-retirement-association/photo-gallery/-/document_library_display/ek3mM7YkWCJk/view/8094572
8,87,portal.uea.ac.uk/en/uea-retirement-association/photo-gallery/-/document_library_display/ek3mM7YkWCJk/view/8094572
8,88,portal.uea.ac.uk/rin/find-funding/internal-funding/nrp-translational-fund-page
8,89,portal.uea.ac.uk/en/rin/find-funding/internal-funding/nrp-translational-fund-page
8,90,portal.uea.ac.uk/estates/help-centre/maps
8,91,"portal.uea.ac.uk/information-services/strategy-planning-and-compliance/regulations-and-policies/it-regulations-and-policies/user-guidelines, Policy"
8,92,portal.uea.ac.uk/student-support-service/wellbeing/disability/whilst-you-are-here
8,93,portal.uea.ac.uk/en/student-support-service/wellbeing/disability/whilst-you-are-here
8,94,portal.uea.ac.uk/information-services/status/
8,95,portal.uea.ac.uk/estates/travel-and-transport/by-bike/cycle-security
8,96,portal.uea.ac.uk/en/estates/travel-and-transport/by-bike/cycle-security
8,97,portal.uea.ac.uk/student-support-service/wellbeing/disability/whilst-you-are-here/temporary-mobility-difficulties
8,98,portal.uea.ac.uk/en/student-support-service/wellbeing/disability/whilst-you-are-here/temporary-mobility-difficulties
8,99,portal.uea.ac.uk/information-services/strategy-planning-and-compliance/regulations-and-policies/information-regulations-and-policies/freedom-of-information/disclosure-log/estates-and-building-matters/2017
8,100,portal.uea.ac.uk/en/information-services/strategy-planning-and-compliance/regulations-and-policies/information-regulations-and-policies/freedom-of-information/disclosure-log/estates-and-building-matters/2017
9,1,portal.uea.ac.uk/itservices/corporate-systems/administrative/reporting/shared-dimensions/date-dim_date-
9,2,portal.uea.ac.uk/estates/improving-your-campus/future-works
9,3,portal.uea.ac.uk/estates/improving-your-campus/buildings-and-projects
9,4,portal.uea.ac.uk/en/estates/improving-your-campus/buildings-and-projects
9,5,portal.uea.ac.uk/en/estates/improving-your-campus/future-works
9,6,portal.uea.ac.uk/web/about/key-dates
9,7,portal.uea.ac.uk/uss/intranet/safety-subjects/fire/peep/documents/queens
9,8,portal.uea.ac.uk/en/uss/intranet/safety-subjects/fire/peep/documents/queens
9,9,portal.uea.ac.uk/uss/intranet/safety-subjects/fire/peep/documents/efry
9,10,portal.uea.ac.uk/uss/intranet/safety-subjects/fire/peep/documents/lsb
9,11,portal.uea.ac.uk/en/uss/intranet/safety-subjects/fire/peep/documents/lsb
9,12,portal.uea.ac.uk/en/uss/intranet/safety-subjects/fire/peep/documents/efry
9,13,portal.uea.ac.uk/uss/intranet/safety-subjects/fire/peep/documents/env
9,14,portal.uea.ac.uk/uss/intranet/safety-subjects/fire/peep/documents/cap
9,15,portal.uea.ac.uk/en/uss/intranet/safety-subjects/fire/peep/documents/cap
9,16,portal.uea.ac.uk/en/uss/intranet/safety-subjects/fire/peep/documents/env
9,17,portal.uea.ac.uk/en/uss/intranet/safety-subjects/fire/peep/documents/med
9,18,portal.uea.ac.uk/uss/intranet/safety-subjects/fire/peep/documents/bio
9,19,portal.uea.ac.uk/en/uss/intranet/safety-subjects/fire/peep/documents/bio
9,20,portal.uea.ac.uk/estates/building-design-guide/part-5
9,21,portal.uea.ac.uk/en/estates/building-design-guide/part-5
9,22,portal.uea.ac.uk/library/disabilities/buildings
9,23,portal.uea.ac.uk/uss/intranet/safety-subjects/fire/peep/documents/med
9,24,portal.uea.ac.uk/estates/building-design-guide
9,25,portal.uea.ac.uk/en/estates/building-design-guide
9,26,portal.uea.ac.uk/itservices/corporate-systems/administrative/reporting/postgraduate-research-reporting
9,27,portal.uea.ac.uk/estates/improving-your-campus/past-projects/bob-champion-research-and-education-building
9,28,portal.uea.ac.uk/en/estates/improving-your-campus/past-projects/bob-champion-research-and-education-building
9,29,portal.uea.ac.uk/web/about/sustainability/campus/buildings
9,30,portal.uea.ac.uk/estates/building-management
9,31,portal.uea.ac.uk/en/estates/building-management
9,32,portal.uea.ac.uk/information-services/strategy-planning-and-compliance/regulations-and-policies/information-regulations-and-policies/freedom-of-information/disclosure-log/estates-and-building-matters
9,33,portal.uea.ac.uk/en/information-services/strategy-planning-and-compliance/regulations-and-policies/information-regulations-and-policies/freedom-of-information/disclosure-log/estates-and-building-matters
9,34,portal.uea.ac.uk/web/about/sustainability/campus/buildings/low-carbon-campus
9,35,portal.uea.ac.uk/en/csed/learning-and-teaching1/uea-writing-cafe
9,36,portal.uea.ac.uk//csed/learning-and-teaching1/uea-writing-cafe
9,37,portal.uea.ac.uk/csed/learning-and-teaching1/uea-writing-cafe
9,38,portal.uea.ac.uk/learning-and-teaching/students/the-basics/directions
9,39,portal.uea.ac.uk/committee-office/uea-committees-and-boards/senate
9,40,portal.uea.ac.uk/en/committee-office/uea-committees-and-boards/senate
9,41,portal.uea.ac.uk/csed/learning-and-teaching1/uea-writing-cafe-platform-hootsuite
9,42,portal.uea.ac.uk/en/csed/learning-and-teaching1/uea-writing-cafe-platform-hootsuite
9,43,portal.uea.ac.uk/arm/marketing/website-and-portal-project/-/asset_publisher/7CxzkvCJEF4u/content/when-will-the-new-website-be-ready-completion-date-
9,44,portal.uea.ac.uk/en/arm/marketing/website-and-portal-project/-/asset_publisher/7CxzkvCJEF4u/content/when-will-the-new-website-be-ready-completion-date-
9,45,portal.uea.ac.uk/postgraduate-research/postgraduate-research-personal-and-professional-development-module-catalogue
9,46,portal.uea.ac.uk/en/postgraduate-research/events/ppd-online-directory
9,47,portal.uea.ac.uk/postgraduate-research/personal-and-professional-development-ppd/ppd-online-directory
9,48,portal.uea.ac.uk/en/postgraduate-research/personal-and-professional-development-ppd/ppd-online-directory
9,49,portal.uea.ac.uk/itservices/corporate-systems/administrative/reporting/cubes/cube_library_item
9,50,portal.uea.ac.uk/information-services/strategy-planning-and-compliance/isd-programme-of-work/projects-2012-13
9,51,portal.uea.ac.uk/en/information-services/strategy-planning-and-compliance/isd-programme-of-work/projects-2012-13
9,52,portal.uea.ac.uk/web/about/key-dates/semester-dates
9,53,portal.uea.ac.uk/itservices/corporate-systems/administrative/reporting/shared-dimensions/library-item
9,54,portal.uea.ac.uk/committee-office/semester-dates/archived-dates
9,55,portal.uea.ac.uk/en/committee-office/semester-dates/archived-dates
9,56,portal.uea.ac.uk/estates/help-centre/latest-news/-/asset_publisher/4y6W3ljN9SEH/content/academic-building-heating-guide
9,57,portal.uea.ac.uk/en/estates/help-centre/latest-news/-/asset_publisher/4y6W3ljN9SEH/content/academic-building-heating-guide
9,58,portal.uea.ac.uk/committee-office/semester-dates
9,59,portal.uea.ac.uk/en/committee-office/semester-dates
9,60,portal.uea.ac.uk/finance/abw/dates
9,61,portal.uea.ac.uk/en/finance/abw/dates
9,62,portal.uea.ac.uk/en/committee-office/uea-committees-and-boards/learning-and-teaching-committee
9,63,portal.uea.ac.uk/committee-office/uea-committees-and-boards/learning-and-teaching-committee
9,64,portal.uea.ac.uk/accommodation/key-dates
9,65,portal.uea.ac.uk/en/accommodation/key-dates
9,66,portal.uea.ac.uk/web/hub/committee-office/uea-committees-and-boards/student-experience-committee
9,67,portal.uea.ac.uk/committee-office/uea-committees-and-boards/student-experience-committee
9,68,portal.uea.ac.uk/en/nursery/dates-and-opening-times
9,69,portal.uea.ac.uk/nursery/dates-and-opening-times
9,70,portal.uea.ac.uk/en/uea-retirement-association/dates-for-your-diary
9,71,portal.uea.ac.uk/uea-retirement-association/dates-for-your-diary
9,72,portal.uea.ac.uk/csed/learning-and-teaching1/teachmeets
9,73,portal.uea.ac.uk/uss/intranet/safety-subjects/fire/peep/documents
9,74,portal.uea.ac.uk/uss/intranet/safety-subjects/fire/peep/documents/congregation-hall
9,75,portal.uea.ac.uk/uss/intranet/safety-subjects/fire/peep/documents/cd-annex
9,76,portal.uea.ac.uk/en/uss/intranet/safety-subjects/fire/peep/documents
9,77,portal.uea.ac.uk/en/uss/intranet/safety-subjects/fire/peep/documents/cd-annex
9,78,portal.uea.ac.uk/en/uss/intranet/safety-subjects/fire/peep/documents/congregation-hall
9,79,portal.uea.ac.uk/finance/insurance/building
9,80,portal.uea.ac.uk/en/finance/insurance/building
9,81,portal.uea.ac.uk/uss/intranet/safety-subjects/fire/peep/documents/lecture
9,82,portal.uea.ac.uk/en/uss/intranet/safety-subjects/fire/peep/documents/lecture
9,83,portal.uea.ac.uk/csed/csed-programme-2017-18/it-communications-technology-3
9,84,portal.uea.ac.uk/en/vco/intranet/registry-services/facilities
9,85,portal.uea.ac.uk/vco/intranet/registry-services/facilities
9,86,portal.uea.ac.uk/procurement/news
9,87,portal.uea.ac.uk/en/procurement/news
9,88,portal.uea.ac.uk/academic-calendar/semester-dates
9,89,portal.uea.ac.uk/web/about/sustainability/case-studies/crome-court
9,90,portal.uea.ac.uk/planningoffice/slc/year-abroad-form
9,91,portal.uea.ac.uk/en/planningoffice/slc/year-abroad-form
9,92,portal.uea.ac.uk/information-services/strategy-planning-and-compliance/regulations-and-policies/information-regulations-and-policies/records-management/rrs-department-policies
9,93,portal.uea.ac.uk/en/information-services/strategy-planning-and-compliance/regulations-and-policies/information-regulations-and-policies/records-management/rrs-department-policies
9,94,portal.uea.ac.uk/en/faculty-school-intranets/sci-intranet/technical-services/services/building-services
9,95,portal.uea.ac.uk/faculty-school-intranets/sci-intranet/technical-services/services/building-services
9,96,portal.uea.ac.uk/en/arm/people/profile/list/all/ce
9,97,portal.uea.ac.uk/arm/people/profile/list/all/ce/1
9,98,portal.uea.ac.uk/arm/people
9,99,portal.uea.ac.uk/arm/people/profile/list/all/ab/1
9,100,portal.uea.ac.uk/arm/people/profile/list/all/ce
10,1,portal.uea.ac.uk/csed/resources/labyrinth/book-of-reflection
10,2,portal.uea.ac.uk/en/csed/resources/labyrinth/book-of-reflection
10,3,portal.uea.ac.uk/itservices/corporate-systems/administrative/reporting/shared-dimensions/course-dim_course-
10,4,portal.uea.ac.uk/learning-and-teaching/staff/course-modules/closure
10,5,portal.uea.ac.uk/student-support-service/learning-enhancement/study-resources/academic-writing-study-skills/lectures-and-seminars
10,6,portal.uea.ac.uk/en/student-support-service/learning-enhancement/study-resources/academic-writing-study-skills/lectures-and-seminars
10,7,portal.uea.ac.uk/en/graduationoffice/registration
10,8,portal.uea.ac.uk/graduationoffice/registration
10,9,portal.uea.ac.uk/learning-and-teaching/staff/course-modules/proposals
10,10,portal.uea.ac.uk/learning-and-teaching/staff/course-modules/course-update/
10,11,portal.uea.ac.uk/learning-and-teaching/staff/course-modules/course-update
10,12,portal.uea.ac.uk/information-services/strategy-planning-and-compliance/regulations-and-policies/information-regulations-and-policies/data-protection/data-protection-act-faqs
10,13,portal.uea.ac.uk/en/information-services/strategy-planning-and-compliance/regulations-and-policies/information-regulations-and-policies/data-protection/data-protection-act-faqs
10,14,portal.uea.ac.uk/learning-and-teaching/students/modules-and-courses
10,15,portal.uea.ac.uk/learning-and-teaching/staff/course-modules/module-monitoring
10,16,portal.uea.ac.uk/learning-and-teaching/staff/course-modules/review
10,17,portal.uea.ac.uk/learning-and-teaching/docs/course-module
10,18,portal.uea.ac.uk/itservices/help/personal-filestore
10,19,portal.uea.ac.uk/learning-and-teaching/staff/course-modules
10,20,portal.uea.ac.uk/digital-voyager
10,21,portal.uea.ac.uk/learning-and-teaching/room-bookings
10,22,portal.uea.ac.uk/web/about/sustainability/blog/-/asset_publisher/ySKO7wbGdMr2/content/starting-the-cycle-to-work
10,23,portal.uea.ac.uk/csed/csed-programme-2017-18/booking-form-rs2-
10,24,portal.uea.ac.uk/information-services/strategy-planning-and-compliance/regulations-and-policies/information-regulations-and-policies/copyright/faqs
10,25,portal.uea.ac.uk/en/information-services/strategy-planning-and-compliance/regulations-and-policies/information-regulations-and-policies/copyright/faqs
10,26,portal.uea.ac.uk/student-support-service/learning-enhancement/study-resources/maths-stats/numeracy/what-do-I-do-first-BODMAS
10,27,portal.uea.ac.uk/student-support-service/learning-enhancement/study-resources/maths-stats/numeracy/what-do-i-do-first-bodmas
10,28,portal.uea.ac.uk/vco/intranet/room-bookings/catering-bookings
10,29,portal.uea.ac.uk/en/vco/intranet/room-bookings/catering-bookings
10,30,portal.uea.ac.uk/csed/csed-programme-2017-18/booking-form-pd3-
10,31,portal.uea.ac.uk/vco/intranet/room-bookings/how-to-book
10,32,portal.uea.ac.uk/en/vco/intranet/room-bookings/how-to-book
10,33,portal.uea.ac.uk/partnerships-office/uea-partnerships-handbook/validation/validation-of-new-courses
10,34,portal.uea.ac.uk/vco/intranet/room-bookings/out-of-hours-bookings
10,35,portal.uea.ac.uk/faculty-school-intranets/sci-intranet/technical-services/services/field/laptop-booking
10,36,portal.uea.ac.uk/en/faculty-school-intranets/sci-intranet/technical-services/services/field/laptop-booking
10,37,portal.uea.ac.uk/en/faculty-school-intranets/sci-intranet/technical-services/services/field/storage-booking
10,38,portal.uea.ac.uk/faculty-school-intranets/sci-intranet/technical-services/services/field/storage-booking
10,39,portal.uea.ac.uk/en/faculty-school-intranets/sci-intranet/technical-services/services/field/car-booking
10,40,portal.uea.ac.uk/en/faculty-school-intranets/sci-intranet/technical-services/services/field/sat-nav-booking
10,41,portal.uea.ac.uk/en/faculty-school-intranets/sci-intranet/technical-services/services/field/trk-gps-booking
10,42,portal.uea.ac.uk/en/faculty-school-intranets/sci-intranet/technical-services/services/field/rtk-gps-nav-booking
10,43,portal.uea.ac.uk/faculty-school-intranets/sci-intranet/technical-services/services/field/rtk-gps-nav-booking
10,44,portal.uea.ac.uk/information-services/strategy-planning-and-compliance/regulations-and-policies/information-regulations-and-policies/data-protection/data-protection-act-general-faqs
10,45,portal.uea.ac.uk/en/information-services/strategy-planning-and-compliance/regulations-and-policies/information-regulations-and-policies/data-protection/data-protection-act-general-faqs
10,46,portal.uea.ac.uk/web/about/sustainability/blog/-/asset_publisher/ySKO7wbGdMr2/content/following-on-from-plastic-free-july
10,47,portal.uea.ac.uk/csed/csed-programme-2017-18/booking-form-pd2-
10,48,portal.uea.ac.uk/library/e-resources/e-books
10,49,portal.uea.ac.uk/web/hub/library/e-resources/e-books
10,50,portal.uea.ac.uk/information-services/strategy-planning-and-compliance/regulations-and-policies/information-regulations-and-policies/data-protection/dpa-faqs-for-students/data-protection-faqs-for-researchers
10,51,portal.uea.ac.uk/en/information-services/strategy-planning-and-compliance/regulations-and-policies/information-regulations-and-policies/data-protection/dpa-faqs-for-students/data-protection-faqs-for-researchers
10,52,portal.uea.ac.uk/arm/marketing/website-and-portal-project/-/asset_publisher/yPDc8V9Wt8dY/content/who-should-i-talk-to-if-i-have-liferay-or-issues-with-my-sites-going-forward-
10,53,portal.uea.ac.uk/en/arm/marketing/website-and-portal-project/-/asset_publisher/yPDc8V9Wt8dY/content/who-should-i-talk-to-if-i-have-liferay-or-issues-with-my-sites-going-forward-
10,54,portal.uea.ac.uk/student-support-service/living-off-campus/community-advice
10,55,portal.uea.ac.uk/en/student-support-service/living-off-campus/community-advice
10,56,portal.uea.ac.uk/itservices/storage/central-filestore/faqs
10,57,portal.uea.ac.uk/csed/csed-programme-2017-18/booking-form-lts3-
10,58,portal.uea.ac.uk/student-support-service/learning-enhancement/study-resources/academic-writing-study-skills/reading-and-thinking
10,59,portal.uea.ac.uk/en/student-support-service/learning-enhancement/study-resources/academic-writing-study-skills/reading-and-thinking
10,60,portal.uea.ac.uk/partnerships-office/uea-partnerships-handbook/validation/accreditation-of-courses
10,61,portal.uea.ac.uk/en/vco/intranet/room-bookings/out-of-hours-bookings
10,62,portal.uea.ac.uk/en/postgraduate-research/pgr-course-approval-and-amendments
10,63,portal.uea.ac.uk/postgraduate-research/pgr-course-approval-and-amendments
10,64,portal.uea.ac.uk/csed/csed-programme-2017-18/booking-form-lm-
10,65,portal.uea.ac.uk/ongoing-management-and-due-diligence-processes/withdrawal-of-validated-course
10,66,portal.uea.ac.uk/csed/csed-programme-2017-18/booking-form-rs-
10,67,portal.uea.ac.uk/faculty-school-intranets/sci-intranet/technical-services/services/field/trk-gps-booking
10,68,portal.uea.ac.uk/arm/marketing/website-and-portal-project/-/asset_publisher/QRwgqh46ZTTy/content/if-i-have-a-site-on-wordpress-will-the-new-project-affect-me-
10,69,portal.uea.ac.uk/en/arm/marketing/website-and-portal-project/-/asset_publisher/QRwgqh46ZTTy/content/if-i-have-a-site-on-wordpress-will-the-new-project-affect-me-
10,70,portal.uea.ac.uk/web/about/media-room/uea-gigs/main-stage-john-osborne
10,71,portal.uea.ac.uk/web/about/sustainability/blog/-/asset_publisher/ySKO7wbGdMr2/content/community-garden-summer-fun
10,72,portal.uea.ac.uk/student-support-service/international-students/after-your-course
10,73,portal.uea.ac.uk/en/student-support-service/international-students/after-your-course
10,74,portal.uea.ac.uk/learning-and-teaching/students/coursework/faqs
10,75,portal.uea.ac.uk/graduationoffice/summer-graduation/on-the-day
10,76,portal.uea.ac.uk/en/graduationoffice/summer-graduation/on-the-day
10,77,portal.uea.ac.uk/information-services/strategy-planning-and-compliance/regulations-and-policies/information-regulations-and-policies/freedom-of-information/publication-scheme/how-we-make-decisions
10,78,portal.uea.ac.uk/en/information-services/strategy-planning-and-compliance/regulations-and-policies/information-regulations-and-policies/freedom-of-information/publication-scheme/how-we-make-decisions
10,79,portal.uea.ac.uk/student-support-service/learning-enhancement/international-students/elsp/faqs
10,80,portal.uea.ac.uk/en/student-support-service/learning-enhancement/international-students/elsp/faqs
10,81,portal.uea.ac.uk/vco/intranet/room-bookings
10,82,portal.uea.ac.uk/en/vco/intranet/room-bookings
10,83,portal.uea.ac.uk/arm/marketing/website-and-portal-project/-/asset_publisher/yPDc8V9Wt8dY/content/i-am-currently-look-to-restructure-or-refresh-my-section-of-the-website-portal-should-i-or-wait-for-the-new-website-
10,84,portal.uea.ac.uk/en/arm/marketing/website-and-portal-project/-/asset_publisher/yPDc8V9Wt8dY/content/i-am-currently-look-to-restructure-or-refresh-my-section-of-the-website-portal-should-i-or-wait-for-the-new-website-
10,85,portal.uea.ac.uk/csed/csed-programme-2017-18/booking-form-ed-
10,86,portal.uea.ac.uk/arm/marketing/website-and-portal-project/-/asset_publisher/QRwgqh46ZTTy/content/can-i-still-request-or-look-to-gain-funding-for-a-new-site-
10,87,portal.uea.ac.uk/en/arm/marketing/website-and-portal-project/-/asset_publisher/QRwgqh46ZTTy/content/can-i-still-request-or-look-to-gain-funding-for-a-new-site-
10,88,portal.uea.ac.uk/student-support-service/international-students/english-language/conversation-club
10,89,portal.uea.ac.uk/en/student-support-service/international-students/english-language/conversation-club
10,90,portal.uea.ac.uk/arm/marketing/website-and-portal-project/-/asset_publisher/7CxzkvCJEF4u/content/will-the-layouts-structures-be-more-flexible-on-the-new-website-so-i-can-make-my-pages-look-better-
10,91,portal.uea.ac.uk/en/arm/marketing/website-and-portal-project/-/asset_publisher/7CxzkvCJEF4u/content/will-the-layouts-structures-be-more-flexible-on-the-new-website-so-i-can-make-my-pages-look-better-
10,92,portal.uea.ac.uk/csed/csed-programme-2017-18/booking-form-pd-
10,93,portal.uea.ac.uk/web/about/sustainability/blog/-/asset_publisher/ySKO7wbGdMr2/content/fashion-revolution-ii-top-tips-for-turning-your-fashion-ethical-eco
10,94,portal.uea.ac.uk/en/arm/operations-team-intranet/courses-and-course-approvals
10,95,portal.uea.ac.uk/arm/operations-team-intranet/courses-and-course-approvals
10,96,portal.uea.ac.uk/rin/consultancy/cpd
10,97,portal.uea.ac.uk/en/rin/consultancy/cpd
10,98,portal.uea.ac.uk/accommodation/into-students
10,99,portal.uea.ac.uk/en/accommodation/into-students
10,100,portal.uea.ac.uk/web/hub/accommodation/into-students
